{
  "BNB": {
    "amount": 0.06720383,
    "usdtValue": 51.04
  },
  "USDT": {
    "amount": 122.04251577,
    "usdtValue": 122.04251577
  },
  "LUNC": {
    "amount": 5051821.47766207,
    "usdtValue": 340.54
  }
}